<?xml version="1.0" encoding="UTF-8"?>
<beans xmlns="http://www.springframework.org/schema/beans" xmlns:xsi="http://www.w3.org/2001/XMLSchema-instance"
	xsi:schemaLocation="http://www.springframework.org/schema/beans http://www.springframework.org/schema/beans/spring-beans-4.0.xsd">

    <!-- 실행환경에서 빈이름 참조(EgovAbstractDAO) -->
	<bean id="egov.lobHandler" class="org.springframework.jdbc.support.lob.DefaultLobHandler" lazy-init="true" />
	
	<!-- ① SqlSessionFactoryBean -->  
	<!-- SqlSession setup for MyBatis Database Layer -->
	<bean id="egov.sqlSession" class="org.mybatis.spring.SqlSessionFactoryBean">
		<property name="dataSource" ref="dataSource" />
		<property name="configLocation" value="classpath:/egovframework/mapper/config/mapper-config.xml" />
		<property name="mapperLocations">
			<list>
	    	<value>classpath:/egovframework/mapper/egov/**/*_${Globals.DbType}.xml</value>
	            <!-- egovframework/mapper/egov/cmm/~~~.xml -->
	        </list>
	         </property>
	</bean>

	<!-- MapperConfigurer setup for MyBatis Database Layer with @Mapper("deptMapper") in DeptMapper Interface -->
 	<!-- <bean class="org.egovframe.rte.psl.dataaccess.mapper.MapperConfigurer">
		<property name="basePackage" value="egovframework.example.sample.service.impl" />
	</bean>  -->
	
	<!-- ② SqlSessionTemplate -->  
		<bean id="sqlSession" class="org.mybatis.spring.SqlSessionTemplate">
	    <constructor-arg ref="egov.sqlSession"/>
	</bean>
    
</beans>